task,binary
2195.815126807514,0.0,5863358.843641605,-0.06136943251092392,-0.05137277132523987,0.0,0.003209269804946169,0.0,0.0,-9.299605838776522,0.0,3962.7449292074252
1184.1848893703977,1.0,5432.673063925344,0.5971750132406842,0.47545026449158706,1.0,0.5453703774146373,1.0,1.0,28.739078690969333,1.0,152438.53015787198
-0.0006221373637781855,0.0006221373637781855
-0.12833632236483175,0.0,0.06815464967980206,-0.054150384690432624,0.0068883573671524225,0.0,-0.052466265632419545,0.0,0.0,-0.028467391914031744,0.0,-0.015653087668385145
0.12833632236483175,0.0,-0.06815464967980206,0.054150384690432624,-0.0068883573671524225,0.0,0.052466265632419545,0.0,0.0,0.028467391914031744,0.0,0.015653087668385145
